ref_no,title,tender_value,bid_submission_end_date,emd,bid_open_date
01/SE/Jalandhar/2025-26,"Construction of Prahari Grah, SO s Mess with 45 Suites and 40 Bedded Mahila Barrack, Quarter Guard, Trademen Shop of 12BN BSF at BSF Campus DBN Shikar","₹20,19,74,518",06/06/2025 15:00,"₹30,19,745",06/06/2025 15:30
02/CE/NDZ-I/DED-101/2025-26,"Provision of Fire Safety Measures at AHQ, Vayu Bhawan, New Delhi.","₹1,77,47,850",19/06/2025 15:00,"₹3,54,957",19/06/2025 15:30
18//EE(E)/AE(E)/GESD-II/2025-26,"RMO lifts at CPWD office building Bamunimaidan, Guwahati. (SH: Comprehensive maintenance of one no 13 passenger Johnson make lift)
Subwork/Packages:Comprehensive maintenance of one no 13 passenger Johnson make lift","₹1,48,548",10/06/2025 15:00,"₹2,971",10/06/2025 15:30
NIT17/EE/PE/2025-26,Providing Comprehensive Consultancy Services for design and curation of existing Museum at Rashtrapati Bhavan New Delhi,₹0,11/06/2025 15:00,"₹1,00,000",11/06/2025 15:30
04/SE&PD/EE/SURAT/2025-26,"Renovation and Major Structural Repairing of 1) Mechanical Engineering Dept., 2) Electrical Engg. Dept., 3) Chemical Engg. Department, 4) Central Computer Centre, 5) Civil Engineering Department A wing, 6) Civil Engineering Department B wing, 7) Water Resources Engg. Lab and 8) Advanced Hydraulics Lab including internal Electrical Installations work at SVNIT Campus, Surat.","₹33,10,26,273",06/06/2025 15:00,"₹43,10,263",06/06/2025 15:30
18/NIT/EE(E)-Agra/2025-26,"RMO EI and Fans, 11/0.433 KV Sub-station, Lifts, Fire fighting system, DG sets, water supply pumpsets etc at GPOA Building, Kendralaya Sanjay Place, Agra. (SH:- Comprehensive AMC of 8 Passengers capacity, 02 Nos OTIS make lifts during 2025-27
Subwork/Packages:Electrical works","₹7,87,548",10/06/2025 15:00,"₹15,751",10/06/2025 15:30
06/2025-26/C-Div/Delhi/4C,"A/R & M/O to Jam Nagar House, New Delhi during 2025-26 SH Providing of Security Guard at Vacated Offices in Jam Nagar House, New Delhi & Jodhpur Officers Hostel, C-Hexagon, India Gate, New Delhi
Subwork/Packages:Providing of Security Guard","₹52,64,731",06/06/2025 17:00,"₹1,05,295",06/06/2025 17:30
15/EE(E)(Vizag)/2025-26,"SITC of 13 passenger lift at Customs and Central Excise office, port area, Visakhapatnam.
Subwork/Packages:One","₹33,11,105",11/06/2025 15:00,"₹66,222",11/06/2025 15:30
11/EE/Q Divn/2025-26,"AR and MO to various flats under 2/Q sub Division New Delhi dg 2025-26 ( SH: Preventive measure taken for wooden work in 319 ( Moti Bagh Bapudham ), SC 317 (Moti Bagh) SC 308 (Sector 12 R K Puram)","₹26,20,023",10/06/2025 15:00,"₹52,400",10/06/2025 15:30
05/EE/TRICHY-I/02/NIT/SE(TRICHY)/CPWD/2025-26 - Recall 1,"Construction of 2 Lakh litres capacity RCC overheaded tank with 25 metre staging height, 1 No bore well, Dismantling of GI shed & laying of DI Pipes from OHT to Boys Hostel & Academic Building locations, Paver Blocks & other miscellaneous works at NIFTEM, Thanjavur.","₹1,22,36,394",09/06/2025 15:00,"₹2,44,728",09/06/2025 15:30
02-R1/NIT/SE&PD/BGPC/2024-25,Construction of 04 four nos School Building at Central University of South Bihar Gaya on Engineering Procurement and Construction (EPC) Basis SH : Construction of School of law and Governance G plus 2 with provision of additional one floor in future School of Business Studies and Management G plus One with provision of additional two floor in future Health Science G plus One with provision of additional two floor in future School of Physical and Chemical Science G plus Two with provision of additional one floor in future including Lift and Intenal and External water supply Sanitary Installation Drainage Storm water drain Road and Paths Parking Internal Electrical installations Street Lighting firefighting system fire alarm UPS Substation Lan Active and Passive Solar Panel Photovolatic Cell etc on EPC basis,"₹1,15,73,02,727",10/06/2025 15:00,"₹1,25,73,027",10/06/2025 15:30
04/EE/TRICHY-1/2025-26 - Recall 1,"Construction of 1 No RCC overhead tank of 1.25 Lakhs liters capacity with staging height between 20 to 30m including demolition of existing damaged RCC Over Head Tank and provision for Temporary Arrangement till completion of construction of new OHT for IT Quarters at Williams Road, Trichy
Subwork/Packages:Construction of 1 no RCC OHT of 1.25 lakh litres capacity with staging height 25m & Pump room including demolition of existing overhead tank& Electrical works (Pumps, Panels, Lightning Arrestor and Aviation Lights etc).","₹85,74,703",09/06/2025 15:00,"₹1,71,494",09/06/2025 15:30
13/MyCD/SE/e-tender/2025-26,Construction of 2.5 lakh litre capacity RCC OHT with staging height of 20 m including providing and fixing open well pumps and lightning arrestor for RIE at Mysore.,"₹1,01,36,642",09/06/2025 15:00,"₹2,02,733",09/06/2025 15:30
09/CE/NDZ-3/2025-26,"Upgradation of various type of qtrs in Chanakyapuri during 2025-26 & 2026-27 (SH: Upgradation of C-II (39 Nos.), D-II (35 Nos.). & D-I (61 Nos.). qtrs.) (Civil and Electrical Work).
Subwork/Packages:Upgradation of various type of qtrs in Chanakyapuri during 2025-26 & 2026-27 (SH: Upgradation of C-II (39 Nos.), D-II (35 Nos.) & D-I (61 Nos.) qtrs.) (Civil and Electrical Work).","₹33,79,54,670",05/06/2025 15:00,"₹43,79,547",05/06/2025 15:30
27/2025-26/R-Divn/Delhi,"SRs to Billet No. 3A, 3C, 4A & 4C in RCC, Air Force Station, New Delhi (SH : Repair & maintenance of certain misc. works at various locations in Billet No. 3A & 4A at RCC).
Subwork/Packages:Civil Work","₹14,12,149",05/06/2025 17:00,"₹28,243",05/06/2025 17:30
28/2025-26/R-DIVN/DELHI,"Reconstruction/Renovation of Building No. Block No. 10 & 17 in Tejas Camp, Air Force Station, New Delhi (SH : Repair & maintenance of damaged/missing cup boards and certain misc. works at various locations in Billet No. 3A & 4A at RCC).
Subwork/Packages:Civil Work","₹28,21,975",05/06/2025 17:00,"₹56,440",05/06/2025 17:30
29/2025-26/R-DIVN/2025-26,"Renovation of Repertory Co. basement and old central A.C. Plant hall, Craft room at the entrance of Chahumukh hall and other misc. works at National School of Drama, New Delhi.
Subwork/Packages:Civil Work","₹59,55,531",05/06/2025 17:00,"₹1,19,111",05/06/2025 17:30
30/2025-26/R-DIVN/DELHI,"Providing Services of maintenance staff for attending day to day complaints and miscellaneous works at 124 Inf Bn (TA) Sikh, National Stadium, New Delhi.
Subwork/Packages:Civil Works","₹38,52,148",05/06/2025 17:00,"₹77,043",05/06/2025 17:30
31/2025-26/R-DIVN/DELHI,"Renovation of Barrack at CSD Guard, Tyagraj Marg, L&T Camp in R/O DHQ Security Troops, Defence Office Complex, New Delhi.
Subwork/Packages:Civil Work","₹31,53,327",05/06/2025 17:00,"₹63,067",05/06/2025 17:30
27/EE-E/AE-E/GESD-III/2025-26,"RMO Lift at Office Building of CPWD Guwahati dg.2025-26 (SH: Comprehensive annual maintenance of Omega make 13 passenger (884 Kg) lift installed at O/o The ADG, NER, CPWD, Garchuk, Guwahati)
Subwork/Packages:Comprehensive annual maintenance of Omega make 13 passenger (884 Kg) Lift","₹1,06,620",05/06/2025 15:00,"₹2,132",05/06/2025 15:30
94/2024-25/CCED/Chandigarh/Div/4th Call,"RMO Lifts installed at Kendriya Sadan Building, Sector 9-A, Chandigarh (SH: Comprehensive Maintenance of 4 Nos. Johnson make Lifts)","₹12,33,600",13/06/2025 15:00,"₹24,672",13/06/2025 15:30
10/CE(Bhopal)/EE-I/2025-26,"Construction of 2 Nos. 108 Bedded(Double Occupancy) (G plus 3) storeyed Girls and Boys Hostel and Extension of Building for Department of Education in Social Science and Humanities (DESSH) for Regional Institute of Education(RIE) at Shamla Hills, Bhopal(M.P.).","₹55,16,44,412",13/06/2025 15:00,"₹65,16,444",13/06/2025 15:30
02/EE&SM(C)-2/DPC-II/CPWD/2025-26,"Providing Comprehensive Consultancy Services for Construction of combined building for admin block, Quarter Guard, Quarter Master store, MT Complex & Office, and Multipurpose Hall (G Plus 3 with basement) at Chhawla Camp, Delhi for SHQ (Delhi) & SHQ (L&C).
Subwork/Packages:Providing Comprehensive Consultancy Services for construction of combined building for admin block, Quarter Guard,Quarter Master store, MT Complex & Office and Multipurpose Hall (G Plus 3) with basement at Chhawla Camp (Delhi) for SHQ Delhi & SHQ (L & C).","₹57,00,000",12/06/2025 15:00,"₹1,14,000",12/06/2025 15:30
03/SE&PD/EE&SM(C)-Kimin/2025-26 (Recall),Construction of Combined Building G Plus 1 for Admin Block Quarter Guard and Quarter Master Store at 49th Bn ITBP Basar Arunachal Pradesh,"₹17,27,43,651",05/06/2025 15:00,"₹27,27,437",05/06/2025 15:30
06/EE-E/BCED/CPWD/2025-26,"Providing and Installation of Grid Connected Roof Top Solar Plant at National Institute for the Empowerment of Persons with Intellectual Disabilities (Divyangjan) regional Centre, B.T. Road, Bonhoogly, Kolkata-700090.
Subwork/Packages:Providing and Installation of Grid Connected Roof Top Solar Plant.","₹25,26,885",05/06/2025 15:00,"₹50,538",05/06/2025 15:30
22/EE-GKP/2024-25 (2nd Recall),"Development works of Campus-II of CRPF Ayodhya including raising of natural ground level and Boundary wall alongwith Guard Room/Dormitory and Gate with overhead slab at Campus-II, CRPF, Ayodhya (UP).
Subwork/Packages:one","₹6,84,80,634",05/06/2025 15:00,"₹13,69,613",05/06/2025 15:30
08/CE/EE/ACD/CPWD/Almora/2025-26,"Construction of 10 Bedded Hospital (Unit Hospital) at 5th Bn Hqr., SSB Champawat (UK) under Ranikhet Frontier.","₹5,00,62,532",06/06/2025 15:00,"₹10,01,300",06/06/2025 15:30
02/NIT/CE CUM ED/BPZ/CPWD/2025-26,"Supply Installation testing & Commissioning of Audio-Video system including other associated services for 500 Seater Auditorium 2 Nos 90 Seaters Teaching halls at IISER ,Berhampur, Odisha
Subwork/Packages:One","₹2,94,50,115",06/06/2025 15:00,"₹5,89,002",06/06/2025 15:30
03/SE/DC-6/V-Divn/2025-26,"Upgradation and Special repair work of Type-VI, Type-IV(S), Type-V(B), Transit flats and other miscellaneous works at Hudco Place Extension and AGV Complex, New Delhi (SH: Civil & Electrical works).
Subwork/Packages:Upgradation and Special repair work of Type-VI, Type-IV(S), Type-V(B) Transit flats and other miscellaneous works at Hudco Place Extension and AGV Complex, New Delhi (SH: Civil & Electrical works).","₹20,63,79,562",06/06/2025 15:00,"₹30,63,796",06/06/2025 15:30
04/NIT/SE&PD/BGPC/2025-26,"Construction of Married Hostel RCC Structure G Plus 6 and Finishing upto G Plus 4 at the Extended portion of the Land parcel Behind new Hostel Block in the Permanent Campus of IIM Bodhgaya Bihar
Subwork/Packages:Married accommodation","₹36,45,41,095",06/06/2025 15:00,"₹46,45,411",06/06/2025 15:30
07/CE/Dehradun/EE(Garhwal)/Dehradun/2025-26,"Construction of School Building Type A 02 Section upto First Floor Ramps and staff quarters T-II-04 Nos., T-III-04 Nos., T-V-01 No., Boundary wall, Electric Sub Station Guard Room Canteen including development work at Kendriya Vidyalaya Agustyamuni, Rudraprayag, Uttarakhand.
Subwork/Packages:Construction of School Building Type A 02 Section upto First Floor Ramps and staff quarters T-II-04 nos., T-III-04 Nos., T-V-01 No., Boundary wall, Electric Sub Station Guard Room Canteen including development work at Kendriya Vidyalaya Augustyamuni, Rudraprayag, Uttarakhand.","₹40,84,11,886",06/06/2025 15:00,"₹50,84,200",06/06/2025 15:30
30/2025-26/DED-201(RECALL),"Up-Gradation of residences of HMPs Lok Sabha and Rajya Sabha at Dr. B.D. Marg under Sub Div-III, DED-201, New Delhi. Sub head SITC of 1 No. 10 Passenger Lifts at Brahmaputra Apartment .
Subwork/Packages:SITC of 1 No. 10 Passenger Lifts at Brahmaputra Apartment.","₹18,59,572",06/06/2025 15:00,"₹37,191",06/06/2025 15:30
02/NIT/SE-Barasat/CPWD/2025-26,"Construction of Type-II 88 nos. Residential Quarter (S plus 11) for BN HQ, Basirhat at BSF Campus Rajarhat under South Bengal Frontier (Balance Work)
Subwork/Packages:Construction of Type-II 88 nos. Residential Quarter.","₹10,19,91,820",09/06/2025 15:00,"₹20,19,918",09/06/2025 15:30
13/2025/SEcumPD/MNITPC/Jaipur,Providing Wi Fi System in 320 Bedded EWS Hostel in MNIT Jaipur,"₹1,72,53,343",13/06/2025 15:00,"₹3,45,067",13/06/2025 15:30
01/EE/BFD-V/CPWD/FZR/2025-26,"Consultancy services for preparation of Detailed Project Report, Cost and Time Estimate and Tender Documents and drawings for construction of axial roads (Roads leading from locations inside Indian Territory to Border Security Fence) along Indo-Pak Border under Ferozpur and Abohar Sector in the State of Punjab (Total Length-109.094 kms) (SH:- Complete work related to land acquisition such as survey, demarcation on ground, preparation of draft notifications and verifying them to revenue department etc. (Balance Works) Package-II(b)
Subwork/Packages:SH:- Complete work related to land acquisition such as survey, demarcation on ground, preparation of draft notifications and verifying them to revenue department etc. (Balance Work) - Package-II(b)","₹78,01,094",10/06/2025 15:00,"₹1,56,022",10/06/2025 15:30
04/EE(E)/Vadodara/2025-26,"Maintenance of Electrical & Mechanical services at Central Revenue Colony, Ghod Dod Road, Surat.
Subwork/Packages:Comprehensive maintenance of 8 Nos. Kone make 13 Passenger Lifts during the year 2025-26 (01 Year)","₹12,60,384",06/06/2025 15:00,"₹25,208",06/06/2025 15:30
01/NIT/CE&ED-IIT(ISM)/CPWD/- (Modified),"Construction of 144 units (stilt plus 12) of Type-II (3 block) and 96 units (stilt plus 12) of Type-III (2 block) i/c internal water supply, sanitary installation, drainage, sewerage, STP(250 KLD), external water supply, U.G. tank (550000 litre), storm water drain, roads & paths, internal E.I. & Fans, wet riser system fire alarm system, UPS system, CCTV system, Hydro Pneumatic water supply system, substation equipments, DG set, Illuminated signages, street lighting, lifts, Horticulture & landscaping, transplantation of trees and other development work & bulk services (Civil & Electrical) in main campus at IIT(ISM) Dhanbad (2nd call)","₹1,39,19,18,272",12/06/2025 15:00,"₹1,49,19,183",12/06/2025 15:30
03/CE/BFZ/EE(P-I)/2025-26,"Construction of Lateral & Axial Roads in the state of Punjab & Rajasthan along the Indo-Pakistan Border SH:- Lateral & Axial Road, Barmer Sector, Package-I, including 5 years maintenance (On EPC Mode).
Subwork/Packages:Lateral & Axial Road, Barmer Sector, Package-I, including 5 years maintenance (On EPC Mode).","₹1,26,12,23,473",20/06/2025 15:00,"₹1,36,12,235",20/06/2025 15:30
17/EE(E)/Jaipur/CPWD/2025-26/AE(E)-I,Comprehensive maintenance of 13 Passenger Johnson Make lift at different sites located at Jaipur for the F.Y. 2025-26 & 2026-27.,"₹33,01,128",06/06/2025 15:00,"₹66,023",06/06/2025 15:30
NIT No. 13/ACED/2025-26,"AMC for 01 Nos. OTIS Lift at Incometax office building Civil Lines, Allahabad","₹1,19,136",10/06/2025 15:00,"₹2,383",10/06/2025 15:30
10/EE(E)/PLEWD/2025-26,"Providing Thermal Card Printers and Thermal PVC Pre-printed SCOSTA Cards in Parliament House Complex, New Delhi.","₹50,67,332",09/06/2025 15:00,"₹1,01,347",09/06/2025 15:30
12/EE/BHUPD-3/2024-25,"Procurement of the furniture for Lecture Hall Complex (G plus 2) at IIT(BHU) Varanasi
Subwork/Packages:Procurement of the furniture for Lecture Hall Complex (G plus 2) at IIT(BHU) Varanasi","₹4,18,18,000",06/06/2025 15:00,"₹8,36,360",06/06/2025 15:30
07/CE(Bhopal)/EE-II/2025-26,"C/o Teaching and Research Lab (G plus 4) for Indian Institute of Science Education and Research (IISER) at Bhopal (M.P.). on EPC (Mode-1). SH: Planning, Designing and Construction of Teaching and Research Lab (G plus 4) consisting of Two No. Central Instrument Facility (CIF) hall (at G.F.), 24 Nos. Research Lab (6 nos. each at 1st Floor, 2nd Floor, 3rd Floor and 4th Floor), 24 nos. Research lab (6 nos. each at 1st Floor, 2nd Floor, 3rd Floor and 4th Floor), 24 nos. Faculty Room (6 nos. each at 1st Floor, 2nd Floor, 3rd Floor, and 4 Floor), 4 nos. Academic Lab (1 nos. each at 1st Floor, 2nd Floor, 3rd Floor and 4th Floor), AHU Rooms, Toilets with modular cubical and modular urinal partitions, other rooms (as per Architectural drawings), Accessible ramps, Parking area, Accessible road around the building and nearby development etc. including internal water supply, sanitary installation, drainage, all E and M services such as internal E/I ......... including development with BIM models.","₹75,31,53,387",16/06/2025 15:00,"₹85,31,534",16/06/2025 15:30
06/NIT/CE-Ranchi/CPWD/2025-26,"Providing Audio Video System for PDCA Building at Doranda, Ranchi, Jharkhand
Subwork/Packages:Providing Audio Video System for PDCA Building at Doranda, Ranchi, Jharkhand","₹1,36,69,882",09/06/2025 15:00,"₹2,73,398",09/06/2025 15:30
02/EE-cum-SM(E)/DPC-1/2025-26,"Creation of New Infrastructure at Surajmal Vihar Campus, Delhi University, Delhi
Subwork/Packages:Providing services of DEO and office Assistant in the Office of EE-cum-SM(E), DPC-1, CPWD, New delhi","₹19,43,520",05/06/2025 15:00,"₹38,870",05/06/2025 15:30
24/EE/CSD/2025-26,A/R & M/O Works of Defence Pool Bungalows occupied by Defence Pool Officers under CSD (Central Secretariat Division) during 2025-26 (SH Attending day to day complaints by engaging labour including supply of materials and necessary repair and periodical works),"₹65,70,349",09/06/2025 15:00,"₹1,31,407",09/06/2025 15:30
07/SE/DC-8/DED-81/2025-2026,"Supplying and replacement of existing 600 TR capacity AC unit installed at MeitY building CGO Complex Lodhi Road, New Delhi.","₹1,69,47,875",05/06/2025 15:00,"₹3,38,958",05/06/2025 15:30
01/NIT/DC-IV/2025-26,"Up-keeping and Providing Management Services for caretaking, Housekeeping, Safety & Security of articles in Guest Houses (Comprising of 05 Nos of Suite Room, 15 Nos Transit Hostel Rooms, 18 Nos Deluxe Rooms in CPWD Guest House in Aliganj, 20 Nos Deluxe Rooms in Holiday Homes in West Kidwai Nagar and all common areas), Washing/Dry Cleaning of Furnishings, Mess Facility/Catering etc. including watch and ward of CPWD Guest House at Aliganj, Jorbagh Lane, New Delhi and CPWD Guest House for Central Government officers Holiday Homes at West Kidwai Nagar New Delhi during 2025-27.","₹4,72,22,276",06/06/2025 15:00,"₹9,44,446",06/06/2025 15:30
32/AE(E)/KCESD-III/KCED-I/CPWD/2025-26,"MOEI & fans i/c RMO water pump set, 16 Nos. Type-II qtr., substation building, main office building, periphery compound light etc. at the complex of Anthropological Survey of India at Salt Lake, Kolkata (SH: Servicing and repairing / replacement of spare parts of 2 Nos. 400 KVA DG set at Anthropological Survey of India , Salt Lake, Kolkata).","₹2,76,283",10/06/2025 15:00,"₹5,526",10/06/2025 15:30
01/CE(GZB)/NIT/2025-26,REPLACEMENT AND UPGRADATION OF VRV/VRF SYSTEM AT NVS AT B-15 SECTOR-62 NOIDA (SH: SITC OF VRV/VRF AC WORKS),"₹1,83,97,707",10/06/2025 15:00,"₹3,67,954",10/06/2025 15:30
30/AE(E)/KCESD-IV/KCED-II/CPWD/2025-26,"RMO of E&M Services in GPRA Complex at Tollygunge, Kolkata-700040.
Subwork/Packages:Comprehensive Maintenance of 2 Nos. Kone make 08 Passenger lift & 13 Passenger lift at Type-III Block.","₹2,85,324",10/06/2025 15:00,"₹5,706",10/06/2025 15:30
12/AE-II/FD/2025-26,"Topographical survey for NII at NCR Biotech Science Cluster, Faridabad during 2025-26","₹5,19,103",06/06/2025 15:00,"₹10,382",06/06/2025 15:30
52/EE/Mumbai-IV/2025-26,"Providing and fixing of new safety gate with wire mesh and meter cabin repair works to CGH at Sector-I to IV, Antop Hill, Mumbai-37, during 2025-26.
Subwork/Packages:Providing and fixing of new safety gate with wire mesh and meter cabin repair works to CGH at Sector-I to IV, Antop Hill, Mumbai-37, during 2025-26","₹25,70,024",05/06/2025 16:00,"₹51,400",05/06/2025 16:30
06/EE(E)/PLEWD/AE(E)-II/2025-26 - Recall 1,"Operation and Maintenance of Electrical & Mechanical Services at Parliament Library Building, New Delhi (S.H.: Repairing of sewerage & dewatering pump alongwith replacement of all essential defective accessories).","₹5,75,553",05/06/2025 15:00,"₹11,511",05/06/2025 15:30
16/EE(E)/DED-51/NIT/2025-26,"Replacement of MS Poles at SPG Complex Sector -8, Dwarka, New Delhi. (SH Replacement of existing CVCF System)
Subwork/Packages:Replacement of MS Poles at SPG Complex Sector -8, Dwarka, New Delhi (SH Replacement of existing CVCF System)","₹22,20,692",05/06/2025 15:00,"₹44,414",05/06/2025 15:30
17/EE(E)/DED-51/NIT/2025-26,"SITC of UPS, DG Set, Data Networking including Raceway Solar and CCTV in Additional Academic Block at Gargi College Premises in Gargi College, Siri Fort Road, New Delhi (SH SITC of UPS in Additional Academic Block at Gargi College)
Subwork/Packages:SITC of UPS, DG Set, Data Networking including Raceway Solar and CCTV in Additional Academic Block at Gargi College Premises in Gargi College, Siri Fort Road, New Delhi (SH SITC of UPS in Additional Academic Block at Gargi College)","₹20,22,992",05/06/2025 15:00,"₹40,460",05/06/2025 15:30
18/EE(E)/DED-51/NIT/2025-26,"Annual Repair and Maintenance of SPG Complex Sector 8 Dwarka New Delhi (SH Renovation of Toilets in Kendriya School, Vidhyaram School Hostel No. 2 and Residential Qtrs at SPG Complex)
Subwork/Packages:Annual Repair and Maintenance of SPG Complex Sector 8, Dwarka, New Delhi (SH Renovation of Toilets in Kendriya Vidyalaya School, Vidhyaram School Hostel No. 2 and Residential Qtrs at SPG Complex)","₹23,32,891",05/06/2025 15:00,"₹46,658",05/06/2025 15:30
70/EE(E)/HCED/2025-26,PROVIDING E AND M WORKS SERVICES AT HAF GZB SH REPAIRING OF MSIC LED FITTING AND FANS IN TECHNICAL AREA AT HAF,"₹13,67,367",06/06/2025 15:00,"₹27,347",06/06/2025 15:30
71/EE(E)/HCED/2025-26,RMO VARIOUS E AND M SERVICES AT NSSTA KNOWLEDGE PARK II AT GREATER NOIDA UP SH ANNUAL COMPREHENSIVE MAINTENANCE OF PEGASUS MAKE UPS SYSTEM,"₹13,56,048",06/06/2025 15:00,"₹27,121",06/06/2025 15:30
72/EE(E)/HCED/2025-26,PROVIDING E AND M WORK SERIVICES AT HAF GZB SH REPAIR OF STREET LIGHT AND PARAMETER LIGHTING IN THE HINDAN AF STN,"₹13,68,159",06/06/2025 15:00,"₹27,363",06/06/2025 15:30
73/EE(E)/HCED/2025-26,PROVIDING ELECTRICAL AND MECHANICAL WORKS SERIVCES FOR MS RESDL TOWER FOR INCOME TAX DEPTT AT VAISHALI GZB SH COMPREHENSIVE AMC MAINTENANCE OF KONE MAKE LIFT AT RESIDENTIAL TOWERS,"₹13,82,040",06/06/2025 15:00,"₹27,641",06/06/2025 15:30
74/EE(E)/HCED/2025-26,PROVIDING E AND M WORK SERVICES AT HAF GZB SH MISC REPAIRING WORK IN DOMESTIC AREA AT AF STATION HINDAN DURING 2025-26,"₹22,69,994",06/06/2025 15:00,"₹45,400",06/06/2025 15:30
68/AE(E)/HESD/2025-26,Provisioning of Misc. Electrical Work in 11 AFH Family Ward at AF Hindan.,"₹5,99,509",06/06/2025 15:00,"₹11,990",06/06/2025 15:30
75/EE(E)/HCED/2025-26,PROVIDING E AND M WORK SERVICES AT HAF GZB SH OPEATION AND ROUTINE MAINTENNACE OF CENTRAL AC PLANT INSTALLED IN IGLOO BUILDING AT TECHNICAL AREA HAF,"₹14,74,740",06/06/2025 15:00,"₹29,495",06/06/2025 15:30
69/AE(E)/HESD/2025-26,Laying of Different size cables and its accessories for Air Force School at AF Station Hindan.,"₹5,94,864",06/06/2025 15:00,"₹11,897",06/06/2025 15:30
76/EE(E)/HCED/2025-26,PROVIDING E AND M WORK SERVICES AT HAF GHAZIABAD UP SH ROUTINE MAINTENANCE OF FIRE DETECTOR & FIRE ALARM SYSTEM INSTALLED AT VARIOUS LOCATIONS IN TECHNICAL AREA,"₹9,04,234",06/06/2025 15:00,"₹18,085",06/06/2025 15:30
01/SEcumPD/AIIMS/CPWD/BBSR/2025-26,"Construction of additional 3 floors for CCHB building at AIIMS, Bhubaneswar. (SH: Additional E & M works)","₹6,24,26,905",19/06/2025 15:00,"₹12,48,538",19/06/2025 15:30
13/NIT/EE(E) RANCHI-II/CPWD/2025-26,"SITC of 125 KVA DG set for farmers hostel cum multipurpose centre at ICAR-IIAB Campus Garhkhatanga, Ranchi
Subwork/Packages:SITC of 125 KVA DG set for farmers hostel cum multipurpose centre at ICAR-IIAB","₹8,41,114",10/06/2025 15:00,"₹16,822",10/06/2025 15:30
08/DDH/ADH/KHSD-II/CPWD/KOL/2025-26,"Maintenance of Horticulture work at Non-Residential area, Nizam Palace, Kolkata during 2025-26. SH: Providing services of 01 (One) no. computer operator (Skilled) and 01 (One) no. Un-skilled personnel at O/o the Dy. Director (Hort.), KHD, CPWD, Nizam Palace, Kolkata.","₹3,18,219",09/06/2025 15:00,"₹6,364",09/06/2025 15:30
02/AE-E-ROURKELA/2025-2026,"C/o 1500 bedded girls hostel at NIT Rourkela, Odisha. SH: SITC of Split AC at CPWD Office inside NIT Campus
Subwork/Packages:SITC of Split AC at CPWD Office inside NIT Campus","₹3,91,960",09/06/2025 15:00,"₹7,839",09/06/2025 15:30
32/2025-26/R-Divn/Delhi,"Provision of drains in Marut Camp, Air Force Station, New Delhi (SH: Cleaning of Grease Trap in RCC, Marut & Tejas Camp and Akash Officers Mess, Dr. Zakir Hussain Marg, New Delhi)","₹4,60,460",05/06/2025 15:00,"₹9,209",05/06/2025 15:30
34/2025-26/R-Divn/Delhi,Work Services for demolishing of Building No. 28 and Construction of Living-in Billets at AFND (SH: Repair & maintenance of damaged footpath and certain misc works at Marut & Tejas Camp),"₹5,70,977",05/06/2025 15:00,"₹11,420",05/06/2025 15:30
10/SE/11/EE/AMKT/2024-25 (Modified),"C/o Eklavya Model Residential School at Pushprajgarh, Distt- Anuppur (M.P.) SH:- C/o School Building (G plus 2), Girls Hostel (G plus 2), Boys Hostel (G plus 2), Warden residences (2 Nos.) Principal Qtr. 10 Nos. Type II qtrs (G plus 2), 15 Nos. Type - III Qtrs. (G Plus 1), Guest House, Kitchen & Dining, substation, pump room, sentry post i/c internel water supply, Sanitary installation, drainage Internal & External electric installation and development works i.e. 2 No. Borewell, 4 Nos. septic tanks, Road works Retaining wall and compound wall etc. - Recall.","₹35,56,31,025",11/06/2025 15:00,"₹45,56,310",11/06/2025 15:30
35/2025-26/R-Divn/Delhi,"AR&MO: Repair & maintenance of damaged/ missing plaster and tile work at various location and associated work in Marut & Tejas Camp, Air Force Station New Delhi (SH: Repair & maintenance of damaged/ missing granite & tile work opposite Amber Hall Lawn Boundary Wall at RCC)","₹5,70,725",05/06/2025 15:00,"₹11,415",05/06/2025 15:30
04/EE-RKL/CPWD/2025-26,"Third Party Quality Assurances for Construction of EMRS School Building (G plus 2), Boys Hostel Building (G plus 2), Girls hostel Building (G plus 2), 2 nos warden residence (S/S), kitchen and Dining block (S/S), Principal Quarter (S/S), 12 nos Type -III Qtrs (G plus 2), 4 nos Type-III Qtrs (G plus 1), 10 nos Type -II Qtrs (G plus 2) including water supply and sanitary installation, IEI, Sub Stations, Pump house, DGS set, Fire Fighting, Fire Alarm etc. and Development of site & other miscellaneous work at Nuagaon (Hatibari), Dist-Sundargarh, Odisha.",₹0,10/06/2025 17:00,₹0,
"21/EE (E)/CED-I/25-26, CESD-III","Providing New Incoming Panel board for main building, CCD Hatchery and fish hatchery at MES of CIBA, Muttukadu. SH: Hiring of 82.5 KVA DG set, cables, replacement of UG cable for pumpset.
Subwork/Packages:Hiring of 82.5 KVA DG set, Cables, replacement of UG cable for pumpset.","₹4,60,768",05/06/2025 15:00,"₹9,215",05/06/2025 15:30
04/EE-RKL/CPWD/2025-26,"Third Party Assurances of Construction of EMRS School Building (G plus 2), Boys Hostel Building ( G plus 2), Girls Hostel Building (G plus 2), 2 nos Warden Residence (S/S), Kitchen & Dinning Block (S/S), Principal Quarter (S/S), 12 nos Type-III Qtrs (G plus 2), 4 nos Type-III Qtrs ( G plus 1), 10 nos Type -II Qtrs ( G plus 2) i/c Water Supply & Sanitary installation, IEI, Sub Stations, Pump house , DGs Set, Firer Fighting, Fire Alarm etc. and Development of site & other miscellaneous works at Nuagaon (Hatibari), Dist-Sundargarh, Odisha.",₹0,10/06/2025 17:00,₹0,
05/EE&SM(C)/PPD/CPWD/2025-2026,"Construction of 2 Nos. of New Badminton Court and side wall upto 1.2meter along with flooring for the existing shed at Auroville.
Subwork/Packages:Construction of 2 Nos. of New Badminton Court and Side Wall upto 1.2 meter along with Flooring for the existing shed at Auroville.","₹15,06,108",05/06/2025 15:00,"₹30,123",05/06/2025 15:30
08/EEJ/2025-26,Repair and Painting of Type V Multi Storey Quarters 32 Nos at NIT Jalandhar,"₹52,16,304",05/06/2025 15:00,"₹2,60,000",05/06/2025 15:30
07/EEJ/2025-26,Repair and Renovation of Old Estate Office KG School at NIT Jalandhar,"₹87,07,369",05/06/2025 15:00,"₹1,74,147",05/06/2025 15:30
27/AE(E)2/SCPED2/2025-26,"MO E&M Services at Supreme Court of India New Delhi
Subwork/Packages:Painting of fire fighting, AC & Electrical equipment at MC Setalwad Lawyer Chamber & C.K. Daftary Lawyer Chamber block","₹6,00,000",05/06/2025 15:00,"₹12,000",05/06/2025 15:30
17/EE(E)/DED-302/2025-26,"Addition /alteration, minor EI works as per site requirement of EI and fans in different types of qtrs at MS flats sector 13 R K Puram, under Sub Division III, DED-302 New Delhi
Subwork/Packages:Electrical works","₹17,29,274",05/06/2025 15:00,"₹34,585",05/06/2025 15:30
31/NIT/EE/KCD/2024-25 - Recall 3,Pre-mixed carpeting and depression filling for internal roads from Gate no. 03 towards parade ground.,"₹86,28,791",05/06/2025 15:00,"₹1,72,576",05/06/2025 15:30
65/2025-26/DED-201,"Upgradation/ Renovation of Hmps Flats Lok Sabha at B.K.S Dr. B. D. Marg and DDU Marg, under Sub -III of DED-201, New Delhi, dg 2025-26. Sub Head Electrical work in Lok Sabha and Rajya Sabha Flats.
Subwork/Packages:Electrical work in Lok Sabha and Rajya Sabha.","₹16,37,824",05/06/2025 15:00,"₹32,756",05/06/2025 15:30
13/EE(E)/PLEWD/AE(E)-II/2025-26,"Operation and Maintenance of Electrical & Mechanical Services in Parliament Library Building, New Delhi (S.H.: RMO WTAC / Split AC / Cassette Units in Parliament Library Building)","₹5,91,068",05/06/2025 15:00,"₹11,821",05/06/2025 15:30
66/2025-26/DED-201,"A.R and M.O 196 Mps Flats at South Avenue under Sub Div-1 of DED-201, New Delhi dg, 2025-26. Sub Head Renovation work of Flat No-20, 58, 64, 68 and other Flats at South Avenue.
Subwork/Packages:Renovation work of Flat No-50, 58, 64, 68 and other Flats at South Avenue.","₹56,27,197",05/06/2025 15:00,"₹1,12,544",05/06/2025 15:30
29/NIT/EE-KOL-III/CPWD/2025-26 (Recall),"Repair & Renovation of Gents toilet 1 No. and Ladies toilet 1 No. at 3rd floor E wing, CGO Complex, DF Block, Salt Lake, Kolkata.","₹12,76,757",05/06/2025 15:00,"₹25,535",05/06/2025 15:30
26/AE(E)/HCESD-I/I/2025-26,Providing 80 kWp Solar Power Plant at Institute of Hotel Management Catering Technology and Applied Nutrition (IIHM) at Vidyanagar Hyderabad SH Providing of Split type Air Conditioner units at IHM Vidyanagar Hyderabad.,"₹2,81,651",05/06/2025 15:30,"₹5,633",05/06/2025 15:45
53/2025-26/PaWD-III/Delhii-Recall,"Upgradation/Renovation of MPs Bungalows at North/South Avenue under Sub-Div.-I of PaWD-III, New Delhi dg. 2025-26.(SH: Civil works at Bungalow No. 20 Akbar Road).
Subwork/Packages:Civil work","₹62,93,803",05/06/2025 15:00,"₹1,25,876",05/06/2025 15:30
24/EEE/DED-11/25-26,"Replacement of VRV/VRF on 4th Floor, Exam Hall Building at UPSC New Delhi.
Subwork/Packages:Replacement of VRV/VRF on 4th Floor, Exam Hall Building at UPSC New Delhi.","₹48,66,052",05/06/2025 16:00,"₹97,321",05/06/2025 16:30
27/AE(E)/HCESD-I/I/2025-26,"Operation and Maintenance of Electrical and Mechanical Installations in Survey Colony Uppal Hyderabad during the year 2025 2026 SH Electrical Renovation of 3 Nos Type III (1, 2, 3 Nos) Quarters at Survey Colony Uppal Hyderabad.","₹5,47,450",05/06/2025 15:30,"₹10,949",05/06/2025 15:45
30/2025-26/PaWD-III/Delhi-2nd Recall,"Upgradation/Renovation of MPs Bungalows at North/South Avenue under Sub-Div.-I of PaWD-III, New Delhi dg. 2025-26. (SH: Civil works in Bungalow No. 8 TK Road).
Subwork/Packages:Civil work","₹95,15,480",05/06/2025 15:00,"₹1,90,310",05/06/2025 15:30
25/EEE/DED-11/25-26,"MOEI and Fans, RMO Pump set at Patiala House Court, New Delhi. (SH: Replacement of old panel near Judge Library, Terrace Pump and replacement of defective accessories of firefighting system at Family Court and Publication Building in Patiala House Court)
Subwork/Packages:Replacement of old Panel near Judge Library, Terrace Pump and replacement of defective accessories of firefighting system at Family Court and Publication Building in Patiala House Court.","₹10,56,742",05/06/2025 16:00,"₹21,135",05/06/2025 16:30
26/EEE/DED-11/25-26,"Upgradation/Maintenance in GPRA Quarters at Bharti Nagar, Rabindar Nagar, Lodhi Estate, Lodhi Garden & Sujan Singh Park ( Service centre No. 206 ,207,208) and other locations under SD-3, DED-11, CPWD, New Delhi. (SH: Special repair and renovation of electrical works at newly allotted bungalow flats i/c SITC of LED Light fittings, fans and other misc. electrical works)
Subwork/Packages:Special repair and renovation of electrical works at newly allotted bungalow flats i/c SITC of LED light fittings, fans and other misc. electrical works.","₹29,46,797",05/06/2025 16:00,"₹58,936",05/06/2025 16:30
22/2025-26/U-div/Delhi/1,"A/R & M/O to CGO Complex, Lodhi Road, New Delhi during 2025-26(SH-Providing services of computer operator, office assistant, office attendant, Dak runner and sweeper in the office of EE, U-div, SE, DC-VIII, Vigilance Unit, Nirman Bhawan and Senior Architect-2(D), CPWD, East Block-1, Level-2, R.K. Puram, CPWD
Subwork/Packages:Civil work","₹92,79,790",05/06/2025 15:00,"₹1,85,596",05/06/2025 15:30
02 NIT EE(E) BFED-VI CPWD 2025-26,"Contingency to the work of provision of Yellow LED lights in BFL at fog affected area along Indo-Bangladesh Border. (Package-II) (SH: Providing UPS Connection and 2 Nos. AC at O/o the EE(E), BFED-VI, CPWD, Siliguri).
Subwork/Packages:Providing Connection of UPS and AC","₹1,78,779",05/06/2025 16:00,"₹3,576",05/06/2025 16:30
07/NIT/SE(Pune)/EE(Pune)-I/2025-26,"Construction of 03 nos. of lifts for A, B & C building at NABARD Officers Quarters, Boat Club Road, Pune.","₹1,85,35,562",05/06/2025 15:00,"₹3,70,711",05/06/2025 15:30
27/EEE/DED-11/25-26,"Upgradation/Maintenance in GPRA quarters at Bharti Nagar, Ravinder Nagar, Lodhi Estate & Lodhi Garden (Service centre No. 206,207 & 208) and other locations under SD-3, DED-11, CPWD, New Delhi. (SH: SITC of Outdoor LED Light Fittings )
Subwork/Packages:SITC of Outdoor LED Light fittings.","₹25,76,257",05/06/2025 16:00,"₹51,525",05/06/2025 16:30
02/EE/NIT/EE-Rourkela/CPWD/2025-26,"Demolishing of Overhead Water Tank and construction of 50,000 litres Under Ground Sump at KV Bondamunda, Sundargarh, Odisha.","₹22,14,125",10/06/2025 15:00,"₹44,283",10/06/2025 15:30
02/AE-2/EE&SM(C)bangalore-1/2025-26,"Construction of additional infrastructure at IISC campus bangalore
Subwork/Packages:Providing watch and ward arrangements to site office B9 IISC campus bangalore during 2025-26","₹5,69,691",05/06/2025 17:00,"₹11,395",05/06/2025 17:15
